Sl no.,District Name,Market Name,Commodity,Variety,Grade,Min Price (Rs./Quintal),Max Price (Rs./Quintal),Modal Price (Rs./Quintal),Price Date
1,Bangalore,"Binny Mill (F&V), Bangalore",Grapes,Black,FAQ,2000,4000,3000,28 Nov 2023
2,Bangalore,"Binny Mill (F&V), Bangalore",Grapes,White,FAQ,2500,6500,4500,28 Nov 2023
3,Bangalore,"Binny Mill (F&V), Bangalore",Grapes,Black,FAQ,2000,4000,3000,27 Nov 2023
4,Bangalore,"Binny Mill (F&V), Bangalore",Grapes,White,FAQ,2000,5000,3500,27 Nov 2023
5,Bangalore,"Binny Mill (F&V), Bangalore",Grapes,Black,FAQ,1500,3500,2500,24 Nov 2023
6,Bangalore,"Binny Mill (F&V), Bangalore",Grapes,White,FAQ,2000,5000,3500,24 Nov 2023
7,Bangalore,"Binny Mill (F&V), Bangalore",Grapes,Black,FAQ,1500,3500,2500,23 Nov 2023
8,Bangalore,"Binny Mill (F&V), Bangalore",Grapes,White,FAQ,1500,5500,3500,23 Nov 2023
9,Bangalore,"Binny Mill (F&V), Bangalore",Grapes,Black,FAQ,1500,3500,2500,22 Nov 2023
10,Bangalore,"Binny Mill (F&V), Bangalore",Grapes,White,FAQ,2000,6000,4000,22 Nov 2023
11,Bangalore,"Binny Mill (F&V), Bangalore",Grapes,Black,FAQ,2000,4000,3000,21 Nov 2023
12,Bangalore,"Binny Mill (F&V), Bangalore",Grapes,White,FAQ,2500,6500,4500,21 Nov 2023
13,Bangalore,"Binny Mill (F&V), Bangalore",Grapes,Black,FAQ,1500,3500,2500,20 Nov 2023
14,Bangalore,"Binny Mill (F&V), Bangalore",Grapes,White,FAQ,2000,6000,4000,20 Nov 2023
15,Bangalore,"Binny Mill (F&V), Bangalore",Grapes,Black,FAQ,2000,3500,2800,18 Nov 2023
16,Bangalore,"Binny Mill (F&V), Bangalore",Grapes,White,FAQ,2000,5000,3500,18 Nov 2023
17,Bangalore,"Binny Mill (F&V), Bangalore",Grapes,Black,FAQ,1500,3500,2500,17 Nov 2023
18,Bangalore,"Binny Mill (F&V), Bangalore",Grapes,White,FAQ,2000,6000,4000,17 Nov 2023
19,Bangalore,"Binny Mill (F&V), Bangalore",Grapes,Black,FAQ,2000,3500,2500,16 Nov 2023
20,Bangalore,"Binny Mill (F&V), Bangalore",Grapes,White,FAQ,2000,6000,4000,16 Nov 2023
21,Bangalore,"Binny Mill (F&V), Bangalore",Grapes,Black,FAQ,1500,3500,2500,15 Nov 2023
22,Bangalore,"Binny Mill (F&V), Bangalore",Grapes,White,FAQ,2000,6000,4000,15 Nov 2023
23,Bangalore,"Binny Mill (F&V), Bangalore",Grapes,Black,FAQ,1500,3500,2500,13 Nov 2023
24,Bangalore,"Binny Mill (F&V), Bangalore",Grapes,White,FAQ,2000,6000,4000,13 Nov 2023
25,Bangalore,"Binny Mill (F&V), Bangalore",Grapes,Black,FAQ,1500,3500,2500,10 Nov 2023
26,Bangalore,"Binny Mill (F&V), Bangalore",Grapes,White,FAQ,2000,6000,4000,10 Nov 2023
27,Bangalore,"Binny Mill (F&V), Bangalore",Grapes,Black,FAQ,2000,4000,3000,09 Nov 2023
28,Bangalore,"Binny Mill (F&V), Bangalore",Grapes,White,FAQ,2000,6000,4000,09 Nov 2023
29,Bangalore,"Binny Mill (F&V), Bangalore",Grapes,Black,FAQ,2000,4000,3000,08 Nov 2023
30,Bangalore,"Binny Mill (F&V), Bangalore",Grapes,White,FAQ,2000,6000,4000,08 Nov 2023
31,Bangalore,"Binny Mill (F&V), Bangalore",Grapes,Black,FAQ,1500,3500,2500,06 Nov 2023
32,Bangalore,"Binny Mill (F&V), Bangalore",Grapes,White,FAQ,2000,5000,3500,06 Nov 2023
33,Bangalore,"Binny Mill (F&V), Bangalore",Grapes,Black,FAQ,2000,5000,3500,04 Nov 2023
34,Bangalore,"Binny Mill (F&V), Bangalore",Grapes,White,FAQ,2500,6500,4500,04 Nov 2023
35,Bangalore,"Binny Mill (F&V), Bangalore",Grapes,Black,FAQ,2000,4000,3000,03 Nov 2023
36,Bangalore,"Binny Mill (F&V), Bangalore",Grapes,White,FAQ,2000,6000,4000,03 Nov 2023
37,Bangalore,"Binny Mill (F&V), Bangalore",Grapes,Black,FAQ,1500,3500,2500,02 Nov 2023
38,Bangalore,"Binny Mill (F&V), Bangalore",Grapes,White,FAQ,2000,5000,3500,02 Nov 2023
39,Bangalore,"Binny Mill (F&V), Bangalore",Grapes,Black,FAQ,2000,4000,3000,31 Oct 2023
40,Bangalore,"Binny Mill (F&V), Bangalore",Grapes,White,FAQ,2000,6000,4000,31 Oct 2023
41,Bangalore,"Binny Mill (F&V), Bangalore",Grapes,Black,FAQ,2000,6000,4000,30 Oct 2023
42,Bangalore,"Binny Mill (F&V), Bangalore",Grapes,White,FAQ,3000,7000,5000,30 Oct 2023
43,Bangalore,"Binny Mill (F&V), Bangalore",Grapes,Black,FAQ,2000,4000,3000,27 Oct 2023
44,Bangalore,"Binny Mill (F&V), Bangalore",Grapes,White,FAQ,2500,6500,4500,27 Oct 2023
45,Bangalore,"Binny Mill (F&V), Bangalore",Grapes,Black,FAQ,2000,4000,3000,26 Oct 2023
46,Bangalore,"Binny Mill (F&V), Bangalore",Grapes,White,FAQ,3000,7000,5000,26 Oct 2023
47,Bangalore,"Binny Mill (F&V), Bangalore",Grapes,Black,FAQ,2000,4000,2500,25 Oct 2023
48,Bangalore,"Binny Mill (F&V), Bangalore",Grapes,White,FAQ,2500,6500,4500,25 Oct 2023
49,Bangalore,"Binny Mill (F&V), Bangalore",Grapes,Black,FAQ,2000,4000,3000,21 Oct 2023
50,Bangalore,"Binny Mill (F&V), Bangalore",Grapes,White,FAQ,3000,7000,5000,21 Oct 2023
51,Bangalore,"Binny Mill (F&V), Bangalore",Grapes,Black,FAQ,2000,4000,3000,20 Oct 2023
52,Bangalore,"Binny Mill (F&V), Bangalore",Grapes,White,FAQ,2500,6500,4500,20 Oct 2023
53,Bangalore,"Binny Mill (F&V), Bangalore",Grapes,Black,FAQ,1500,3500,2500,19 Oct 2023
54,Bangalore,"Binny Mill (F&V), Bangalore",Grapes,White,FAQ,1500,5500,3500,19 Oct 2023
55,Bangalore,"Binny Mill (F&V), Bangalore",Grapes,Black,FAQ,1500,5000,3000,18 Oct 2023
56,Bangalore,"Binny Mill (F&V), Bangalore",Grapes,White,FAQ,2000,6000,4000,18 Oct 2023
57,Bangalore,"Binny Mill (F&V), Bangalore",Grapes,Black,FAQ,2500,4500,3500,17 Oct 2023
58,Bangalore,"Binny Mill (F&V), Bangalore",Grapes,White,FAQ,3000,7000,5000,17 Oct 2023
59,Bangalore,"Binny Mill (F&V), Bangalore",Grapes,Black,FAQ,2000,6000,4000,16 Oct 2023
60,Bangalore,"Binny Mill (F&V), Bangalore",Grapes,White,FAQ,3000,7000,5000,16 Oct 2023
61,Bangalore,"Binny Mill (F&V), Bangalore",Grapes,Black,FAQ,1500,3500,2500,13 Oct 2023
62,Bangalore,"Binny Mill (F&V), Bangalore",Grapes,White,FAQ,2500,5000,3500,13 Oct 2023
63,Bangalore,"Binny Mill (F&V), Bangalore",Grapes,Black,FAQ,1200,3000,2200,12 Oct 2023
64,Bangalore,"Binny Mill (F&V), Bangalore",Grapes,White,FAQ,1500,5500,3500,12 Oct 2023
65,Bangalore,"Binny Mill (F&V), Bangalore",Grapes,Black,FAQ,2500,4500,3500,11 Oct 2023
66,Bangalore,"Binny Mill (F&V), Bangalore",Grapes,White,FAQ,4000,7000,5500,11 Oct 2023
67,Bangalore,"Binny Mill (F&V), Bangalore",Grapes,Black,FAQ,3000,5000,4000,10 Oct 2023
68,Bangalore,"Binny Mill (F&V), Bangalore",Grapes,White,FAQ,4500,6500,5500,10 Oct 2023
69,Bangalore,"Binny Mill (F&V), Bangalore",Grapes,Black,FAQ,2500,4500,3500,09 Oct 2023
70,Bangalore,"Binny Mill (F&V), Bangalore",Grapes,White,FAQ,4500,6500,5500,09 Oct 2023
71,Bangalore,"Binny Mill (F&V), Bangalore",Grapes,Black,FAQ,2500,5000,3500,07 Oct 2023
72,Bangalore,"Binny Mill (F&V), Bangalore",Grapes,White,FAQ,3000,7000,5000,07 Oct 2023
73,Bangalore,"Binny Mill (F&V), Bangalore",Grapes,Black,FAQ,2500,4500,3500,06 Oct 2023
74,Bangalore,"Binny Mill (F&V), Bangalore",Grapes,White,FAQ,4000,6000,5000,06 Oct 2023
75,Bangalore,"Binny Mill (F&V), Bangalore",Grapes,Black,FAQ,2000,4000,3000,05 Oct 2023
76,Bangalore,"Binny Mill (F&V), Bangalore",Grapes,White,FAQ,4000,6000,5000,05 Oct 2023
77,Bangalore,"Binny Mill (F&V), Bangalore",Grapes,Black,FAQ,2500,4500,3500,04 Oct 2023
78,Bangalore,"Binny Mill (F&V), Bangalore",Grapes,White,FAQ,3500,5500,4500,04 Oct 2023
79,Bangalore,"Binny Mill (F&V), Bangalore",Grapes,Black,FAQ,2000,4000,3000,03 Oct 2023
80,Bangalore,"Binny Mill (F&V), Bangalore",Grapes,White,FAQ,4000,6000,5000,03 Oct 2023
81,Bangalore,"Binny Mill (F&V), Bangalore",Grapes,Black,FAQ,2500,4500,3500,02 Oct 2023
82,Bangalore,"Binny Mill (F&V), Bangalore",Grapes,White,FAQ,3000,7000,5000,02 Oct 2023
83,Bangalore,"Binny Mill (F&V), Bangalore",Grapes,Black,FAQ,3000,5000,4000,30 Sep 2023
84,Bangalore,"Binny Mill (F&V), Bangalore",Grapes,White,FAQ,4000,6000,5000,30 Sep 2023
85,Bangalore,"Binny Mill (F&V), Bangalore",Grapes,White,FAQ,3000,7000,5000,29 Sep 2023
86,Bangalore,"Binny Mill (F&V), Bangalore",Grapes,Black,FAQ,2500,4500,3500,28 Sep 2023
87,Bangalore,"Binny Mill (F&V), Bangalore",Grapes,White,FAQ,4000,6000,5000,28 Sep 2023
88,Bangalore,"Binny Mill (F&V), Bangalore",Grapes,Black,FAQ,2500,4500,3500,27 Sep 2023
89,Bangalore,"Binny Mill (F&V), Bangalore",Grapes,White,FAQ,4000,6000,5000,27 Sep 2023
90,Bangalore,"Binny Mill (F&V), Bangalore",Grapes,Black,FAQ,2500,4500,3500,26 Sep 2023
91,Bangalore,"Binny Mill (F&V), Bangalore",Grapes,White,FAQ,4000,6000,5000,26 Sep 2023
92,Bangalore,"Binny Mill (F&V), Bangalore",Grapes,Black,FAQ,2500,4500,3500,25 Sep 2023
93,Bangalore,"Binny Mill (F&V), Bangalore",Grapes,White,FAQ,3500,6500,5000,25 Sep 2023
94,Bangalore,"Binny Mill (F&V), Bangalore",Grapes,Black,FAQ,2500,4500,3500,23 Sep 2023
95,Bangalore,"Binny Mill (F&V), Bangalore",Grapes,White,FAQ,3000,7000,5000,23 Sep 2023
96,Bangalore,"Binny Mill (F&V), Bangalore",Grapes,Black,FAQ,2500,4500,3500,22 Sep 2023
97,Bangalore,"Binny Mill (F&V), Bangalore",Grapes,White,FAQ,3000,5000,4000,22 Sep 2023
98,Bangalore,"Binny Mill (F&V), Bangalore",Grapes,Black,FAQ,2000,4000,3000,21 Sep 2023
99,Bangalore,"Binny Mill (F&V), Bangalore",Grapes,White,FAQ,4000,6000,5000,21 Sep 2023
100,Bangalore,"Binny Mill (F&V), Bangalore",Grapes,Black,FAQ,2500,4500,3500,20 Sep 2023
101,Bangalore,"Binny Mill (F&V), Bangalore",Grapes,White,FAQ,4000,6000,5000,20 Sep 2023
102,Bangalore,"Binny Mill (F&V), Bangalore",Grapes,Black,FAQ,2000,4000,3000,19 Sep 2023
103,Bangalore,"Binny Mill (F&V), Bangalore",Grapes,White,FAQ,3000,7000,5000,19 Sep 2023
104,Bangalore,"Binny Mill (F&V), Bangalore",Grapes,Black,FAQ,2000,4000,3000,16 Sep 2023
105,Bangalore,"Binny Mill (F&V), Bangalore",Grapes,White,FAQ,3000,7000,5000,16 Sep 2023
106,Bangalore,"Binny Mill (F&V), Bangalore",Grapes,Black,FAQ,2500,4500,3500,15 Sep 2023
107,Bangalore,"Binny Mill (F&V), Bangalore",Grapes,White,FAQ,4000,6000,5000,15 Sep 2023
108,Bangalore,"Binny Mill (F&V), Bangalore",Grapes,Black,FAQ,2500,4500,3500,14 Sep 2023
109,Bangalore,"Binny Mill (F&V), Bangalore",Grapes,White,FAQ,4000,6000,5000,14 Sep 2023
110,Bangalore,"Binny Mill (F&V), Bangalore",Grapes,Black,FAQ,2500,4500,3500,13 Sep 2023
111,Bangalore,"Binny Mill (F&V), Bangalore",Grapes,White,FAQ,3500,5500,4500,13 Sep 2023
112,Bangalore,"Binny Mill (F&V), Bangalore",Grapes,Black,FAQ,2500,4500,3500,12 Sep 2023
113,Bangalore,"Binny Mill (F&V), Bangalore",Grapes,White,FAQ,4000,6000,5000,12 Sep 2023
114,Bangalore,"Binny Mill (F&V), Bangalore",Grapes,Black,FAQ,2000,4000,3000,11 Sep 2023
115,Bangalore,"Binny Mill (F&V), Bangalore",Grapes,White,FAQ,2500,4500,3500,11 Sep 2023
116,Bangalore,"Binny Mill (F&V), Bangalore",Grapes,Black,FAQ,2000,4000,3000,08 Sep 2023
117,Bangalore,"Binny Mill (F&V), Bangalore",Grapes,White,FAQ,3000,5000,4000,08 Sep 2023
118,Bangalore,"Binny Mill (F&V), Bangalore",Grapes,Black,FAQ,2500,4500,3500,06 Sep 2023
119,Bangalore,"Binny Mill (F&V), Bangalore",Grapes,White,FAQ,4000,6000,5000,06 Sep 2023
120,Bangalore,"Binny Mill (F&V), Bangalore",Grapes,Black,FAQ,2000,4000,3000,05 Sep 2023
121,Bangalore,"Binny Mill (F&V), Bangalore",Grapes,White,FAQ,3000,5000,4000,05 Sep 2023
122,Bangalore,"Binny Mill (F&V), Bangalore",Grapes,Black,FAQ,2500,4500,3500,04 Sep 2023
123,Bangalore,"Binny Mill (F&V), Bangalore",Grapes,White,FAQ,4000,6000,5000,04 Sep 2023
124,Bangalore,"Binny Mill (F&V), Bangalore",Grapes,Black,FAQ,2500,4500,3500,02 Sep 2023
125,Bangalore,"Binny Mill (F&V), Bangalore",Grapes,White,FAQ,4000,6000,5000,02 Sep 2023
126,Bangalore,"Binny Mill (F&V), Bangalore",Grapes,Black,FAQ,2500,4500,3500,01 Sep 2023
127,Bangalore,"Binny Mill (F&V), Bangalore",Grapes,White,FAQ,4000,6000,5000,01 Sep 2023
128,Bangalore,"Binny Mill (F&V), Bangalore",Grapes,Black,FAQ,2500,4500,3500,31 Aug 2023
129,Bangalore,"Binny Mill (F&V), Bangalore",Grapes,White,FAQ,4500,6500,5500,31 Aug 2023
130,Bangalore,"Binny Mill (F&V), Bangalore",Grapes,Black,FAQ,2500,4500,3500,30 Aug 2023
131,Bangalore,"Binny Mill (F&V), Bangalore",Grapes,White,FAQ,4000,6000,5000,30 Aug 2023
132,Bangalore,"Binny Mill (F&V), Bangalore",Grapes,Black,FAQ,1500,5500,3500,29 Aug 2023
133,Bangalore,"Binny Mill (F&V), Bangalore",Grapes,White,FAQ,2000,6000,4000,29 Aug 2023
134,Bangalore,"Binny Mill (F&V), Bangalore",Grapes,Black,FAQ,2000,4000,3000,28 Aug 2023
135,Bangalore,"Binny Mill (F&V), Bangalore",Grapes,White,FAQ,2500,4500,3500,28 Aug 2023
136,Bangalore,"Binny Mill (F&V), Bangalore",Grapes,Black,FAQ,2000,4000,3000,25 Aug 2023
137,Bangalore,"Binny Mill (F&V), Bangalore",Grapes,White,FAQ,4000,6000,5000,25 Aug 2023
138,Bangalore,"Binny Mill (F&V), Bangalore",Grapes,Black,FAQ,2000,4000,3000,24 Aug 2023
139,Bangalore,"Binny Mill (F&V), Bangalore",Grapes,White,FAQ,2000,6000,4000,24 Aug 2023
140,Bangalore,"Binny Mill (F&V), Bangalore",Grapes,Black,FAQ,4000,6000,5000,23 Aug 2023
141,Bangalore,"Binny Mill (F&V), Bangalore",Grapes,White,FAQ,800,2400,1600,23 Aug 2023
142,Bangalore,"Binny Mill (F&V), Bangalore",Grapes,Black,FAQ,2000,4000,3000,22 Aug 2023
143,Bangalore,"Binny Mill (F&V), Bangalore",Grapes,White,FAQ,3000,7000,5000,22 Aug 2023
144,Bangalore,"Binny Mill (F&V), Bangalore",Grapes,Black,FAQ,3000,5000,4000,21 Aug 2023
145,Bangalore,"Binny Mill (F&V), Bangalore",Grapes,White,FAQ,4000,6000,5000,21 Aug 2023
146,Bangalore,"Binny Mill (F&V), Bangalore",Grapes,Black,FAQ,2000,6000,4000,19 Aug 2023
147,Bangalore,"Binny Mill (F&V), Bangalore",Grapes,White,FAQ,4500,6500,5500,19 Aug 2023
148,Bangalore,"Binny Mill (F&V), Bangalore",Grapes,Black,FAQ,2500,4500,3500,18 Aug 2023
149,Bangalore,"Binny Mill (F&V), Bangalore",Grapes,White,FAQ,4000,6000,5000,18 Aug 2023
150,Bangalore,"Binny Mill (F&V), Bangalore",Grapes,Black,FAQ,3000,5000,4000,17 Aug 2023
151,Bangalore,"Binny Mill (F&V), Bangalore",Grapes,White,FAQ,3000,7000,5000,17 Aug 2023
152,Bangalore,"Binny Mill (F&V), Bangalore",Grapes,Black,FAQ,2500,4500,3500,14 Aug 2023
153,Bangalore,"Binny Mill (F&V), Bangalore",Grapes,White,FAQ,4000,6000,5000,14 Aug 2023
154,Bangalore,"Binny Mill (F&V), Bangalore",Grapes,Black,FAQ,2500,4500,3500,11 Aug 2023
155,Bangalore,"Binny Mill (F&V), Bangalore",Grapes,White,FAQ,2500,4500,3500,11 Aug 2023
156,Bangalore,"Binny Mill (F&V), Bangalore",Grapes,Black,FAQ,2500,4500,3500,10 Aug 2023
157,Bangalore,"Binny Mill (F&V), Bangalore",Grapes,White,FAQ,4500,6500,5500,10 Aug 2023
158,Bangalore,"Binny Mill (F&V), Bangalore",Grapes,Black,FAQ,2500,4500,3500,09 Aug 2023
159,Bangalore,"Binny Mill (F&V), Bangalore",Grapes,White,FAQ,4000,6000,5000,09 Aug 2023
160,Bangalore,"Binny Mill (F&V), Bangalore",Grapes,Black,FAQ,2500,4500,3500,08 Aug 2023
161,Bangalore,"Binny Mill (F&V), Bangalore",Grapes,White,FAQ,4000,6000,5000,08 Aug 2023
162,Bangalore,"Binny Mill (F&V), Bangalore",Grapes,Black,FAQ,2500,4500,3500,07 Aug 2023
163,Bangalore,"Binny Mill (F&V), Bangalore",Grapes,White,FAQ,4000,6000,5000,07 Aug 2023
164,Bangalore,"Binny Mill (F&V), Bangalore",Grapes,Black,FAQ,2500,4500,3500,05 Aug 2023
165,Bangalore,"Binny Mill (F&V), Bangalore",Grapes,White,FAQ,4000,6000,5000,05 Aug 2023
166,Bangalore,"Binny Mill (F&V), Bangalore",Grapes,Black,FAQ,2000,4000,3000,04 Aug 2023
167,Bangalore,"Binny Mill (F&V), Bangalore",Grapes,White,FAQ,4000,6000,5000,04 Aug 2023
168,Bangalore,"Binny Mill (F&V), Bangalore",Grapes,Black,FAQ,2500,4500,3500,03 Aug 2023
169,Bangalore,"Binny Mill (F&V), Bangalore",Grapes,White,FAQ,4500,6500,5500,03 Aug 2023
170,Bangalore,"Binny Mill (F&V), Bangalore",Grapes,Black,FAQ,3000,5000,4000,02 Aug 2023
171,Bangalore,"Binny Mill (F&V), Bangalore",Grapes,White,FAQ,4500,6500,5500,02 Aug 2023
172,Bangalore,"Binny Mill (F&V), Bangalore",Grapes,Black,FAQ,2000,4000,3000,01 Aug 2023
173,Bangalore,"Binny Mill (F&V), Bangalore",Grapes,White,FAQ,4000,6000,5000,01 Aug 2023
174,Bangalore,"Binny Mill (F&V), Bangalore",Grapes,Black,FAQ,2000,4000,3000,31 Jul 2023
175,Bangalore,"Binny Mill (F&V), Bangalore",Grapes,White,FAQ,4000,6000,5000,31 Jul 2023
176,Bangalore,"Binny Mill (F&V), Bangalore",Grapes,Black,FAQ,2500,4500,3500,28 Jul 2023
177,Bangalore,"Binny Mill (F&V), Bangalore",Grapes,White,FAQ,4000,6000,5000,28 Jul 2023
178,Bangalore,"Binny Mill (F&V), Bangalore",Grapes,White,FAQ,3500,5500,4500,27 Jul 2023
179,Bangalore,"Binny Mill (F&V), Bangalore",Grapes,Black,FAQ,2000,4000,3000,26 Jul 2023
180,Bangalore,"Binny Mill (F&V), Bangalore",Grapes,White,FAQ,3000,5000,4000,26 Jul 2023
181,Bangalore,"Binny Mill (F&V), Bangalore",Grapes,Black,FAQ,2000,4000,3000,25 Jul 2023
182,Bangalore,"Binny Mill (F&V), Bangalore",Grapes,White,FAQ,3000,5000,4000,25 Jul 2023
183,Bangalore,"Binny Mill (F&V), Bangalore",Grapes,Black,FAQ,2500,4500,3500,24 Jul 2023
184,Bangalore,"Binny Mill (F&V), Bangalore",Grapes,White,FAQ,3000,5000,4000,24 Jul 2023
185,Bangalore,"Binny Mill (F&V), Bangalore",Grapes,Black,FAQ,2000,4000,3000,21 Jul 2023
186,Bangalore,"Binny Mill (F&V), Bangalore",Grapes,White,FAQ,4000,6000,5000,21 Jul 2023
187,Bangalore,"Binny Mill (F&V), Bangalore",Grapes,Black,FAQ,3000,5000,4000,20 Jul 2023
188,Bangalore,"Binny Mill (F&V), Bangalore",Grapes,White,FAQ,5000,7000,6000,20 Jul 2023
189,Bangalore,"Binny Mill (F&V), Bangalore",Grapes,Black,FAQ,300,5000,4000,19 Jul 2023
190,Bangalore,"Binny Mill (F&V), Bangalore",Grapes,White,FAQ,6000,7000,6500,19 Jul 2023
191,Bangalore,"Binny Mill (F&V), Bangalore",Grapes,Black,FAQ,3000,5000,4000,18 Jul 2023
192,Bangalore,"Binny Mill (F&V), Bangalore",Grapes,White,FAQ,5000,7000,6000,18 Jul 2023
193,Bangalore,"Binny Mill (F&V), Bangalore",Grapes,Black,FAQ,2500,4500,3500,17 Jul 2023
194,Bangalore,"Binny Mill (F&V), Bangalore",Grapes,White,FAQ,4500,6500,5500,17 Jul 2023
195,Bangalore,"Binny Mill (F&V), Bangalore",Grapes,Black,FAQ,2500,4500,3500,15 Jul 2023
196,Bangalore,"Binny Mill (F&V), Bangalore",Grapes,White,FAQ,4500,6500,5500,15 Jul 2023
197,Bangalore,"Binny Mill (F&V), Bangalore",Grapes,Black,FAQ,2500,4500,3500,14 Jul 2023
198,Bangalore,"Binny Mill (F&V), Bangalore",Grapes,White,FAQ,4500,6500,5500,14 Jul 2023
199,Bangalore,"Binny Mill (F&V), Bangalore",Grapes,Black,FAQ,4500,6500,5500,13 Jul 2023
200,Bangalore,"Binny Mill (F&V), Bangalore",Grapes,White,FAQ,1500,2500,2000,13 Jul 2023
201,Bangalore,"Binny Mill (F&V), Bangalore",Grapes,Black,FAQ,2500,4500,3500,12 Jul 2023
202,Bangalore,"Binny Mill (F&V), Bangalore",Grapes,White,FAQ,4000,6000,5000,12 Jul 2023
203,Bangalore,"Binny Mill (F&V), Bangalore",Grapes,Black,FAQ,2500,4500,3500,11 Jul 2023
204,Bangalore,"Binny Mill (F&V), Bangalore",Grapes,White,FAQ,4500,6500,5500,11 Jul 2023
205,Bangalore,"Binny Mill (F&V), Bangalore",Grapes,Black,FAQ,3000,4500,3800,10 Jul 2023
206,Bangalore,"Binny Mill (F&V), Bangalore",Grapes,White,FAQ,4000,6000,5000,10 Jul 2023
207,Bangalore,"Binny Mill (F&V), Bangalore",Grapes,Black,FAQ,3000,4500,3800,07 Jul 2023
208,Bangalore,"Binny Mill (F&V), Bangalore",Grapes,White,FAQ,4000,6000,5000,07 Jul 2023
209,Bangalore,"Binny Mill (F&V), Bangalore",Grapes,Black,FAQ,2500,4500,3500,06 Jul 2023
210,Bangalore,"Binny Mill (F&V), Bangalore",Grapes,White,FAQ,4500,6500,5500,06 Jul 2023
211,Bangalore,"Binny Mill (F&V), Bangalore",Grapes,Black,FAQ,2500,4500,3500,05 Jul 2023
212,Bangalore,"Binny Mill (F&V), Bangalore",Grapes,White,FAQ,4000,6000,5000,05 Jul 2023
213,Bangalore,"Binny Mill (F&V), Bangalore",Grapes,Black,FAQ,2000,4000,3000,04 Jul 2023
214,Bangalore,"Binny Mill (F&V), Bangalore",Grapes,White,FAQ,4500,6500,5500,04 Jul 2023
215,Bangalore,"Binny Mill (F&V), Bangalore",Grapes,Black,FAQ,3000,5000,4000,03 Jul 2023
216,Bangalore,"Binny Mill (F&V), Bangalore",Grapes,White,FAQ,4000,6000,5000,03 Jul 2023
217,Bangalore,"Binny Mill (F&V), Bangalore",Grapes,Black,FAQ,2500,4500,3500,01 Jul 2023
218,Bangalore,"Binny Mill (F&V), Bangalore",Grapes,White,FAQ,4500,6500,5500,01 Jul 2023
219,Bangalore,"Binny Mill (F&V), Bangalore",Grapes,Black,FAQ,2500,4500,3500,30 Jun 2023
220,Bangalore,"Binny Mill (F&V), Bangalore",Grapes,White,FAQ,3500,5500,4500,30 Jun 2023
221,Bangalore,"Binny Mill (F&V), Bangalore",Grapes,Black,FAQ,2500,5000,3500,28 Jun 2023
222,Bangalore,"Binny Mill (F&V), Bangalore",Grapes,White,FAQ,4000,6000,5000,28 Jun 2023
223,Bangalore,"Binny Mill (F&V), Bangalore",Grapes,Black,FAQ,3000,4500,3800,27 Jun 2023
224,Bangalore,"Binny Mill (F&V), Bangalore",Grapes,White,FAQ,4000,6000,5000,27 Jun 2023
225,Bangalore,"Binny Mill (F&V), Bangalore",Grapes,Black,FAQ,3000,5000,4000,26 Jun 2023
226,Bangalore,"Binny Mill (F&V), Bangalore",Grapes,White,FAQ,4500,6500,5500,26 Jun 2023
227,Bangalore,"Binny Mill (F&V), Bangalore",Grapes,Black,FAQ,3000,5000,4000,23 Jun 2023
228,Bangalore,"Binny Mill (F&V), Bangalore",Grapes,White,FAQ,4500,6500,5500,23 Jun 2023
229,Bangalore,"Binny Mill (F&V), Bangalore",Grapes,Black,FAQ,2500,4500,3500,22 Jun 2023
230,Bangalore,"Binny Mill (F&V), Bangalore",Grapes,White,FAQ,4000,6000,5000,22 Jun 2023
231,Bangalore,"Binny Mill (F&V), Bangalore",Grapes,Black,FAQ,3000,5000,4000,21 Jun 2023
232,Bangalore,"Binny Mill (F&V), Bangalore",Grapes,White,FAQ,4500,6500,5500,21 Jun 2023
233,Bangalore,"Binny Mill (F&V), Bangalore",Grapes,Black,FAQ,3000,5000,4000,20 Jun 2023
234,Bangalore,"Binny Mill (F&V), Bangalore",Grapes,White,FAQ,4000,6000,5000,20 Jun 2023
235,Bangalore,"Binny Mill (F&V), Bangalore",Grapes,Black,FAQ,3000,5000,4000,19 Jun 2023
236,Bangalore,"Binny Mill (F&V), Bangalore",Grapes,White,FAQ,4500,6500,5500,19 Jun 2023
237,Bangalore,"Binny Mill (F&V), Bangalore",Grapes,Black,FAQ,3000,5000,4000,17 Jun 2023
238,Bangalore,"Binny Mill (F&V), Bangalore",Grapes,White,FAQ,4000,6000,5000,17 Jun 2023
239,Bangalore,"Binny Mill (F&V), Bangalore",Grapes,Black,FAQ,2500,4500,3500,16 Jun 2023
240,Bangalore,"Binny Mill (F&V), Bangalore",Grapes,White,FAQ,4500,6500,5500,16 Jun 2023
241,Bangalore,"Binny Mill (F&V), Bangalore",Grapes,Black,FAQ,2500,4500,3500,15 Jun 2023
242,Bangalore,"Binny Mill (F&V), Bangalore",Grapes,White,FAQ,4000,6000,5000,15 Jun 2023
243,Bangalore,"Binny Mill (F&V), Bangalore",Grapes,Black,FAQ,2000,4000,3000,14 Jun 2023
244,Bangalore,"Binny Mill (F&V), Bangalore",Grapes,White,FAQ,4500,6500,5500,14 Jun 2023
245,Bangalore,"Binny Mill (F&V), Bangalore",Grapes,Black,FAQ,3000,5000,4000,13 Jun 2023
246,Bangalore,"Binny Mill (F&V), Bangalore",Grapes,White,FAQ,4500,6500,5500,13 Jun 2023
247,Bangalore,"Binny Mill (F&V), Bangalore",Grapes,Black,FAQ,2500,4500,3500,12 Jun 2023
248,Bangalore,"Binny Mill (F&V), Bangalore",Grapes,White,FAQ,4000,6000,5000,12 Jun 2023
249,Bangalore,"Binny Mill (F&V), Bangalore",Grapes,Black,FAQ,3000,5000,3500,09 Jun 2023
250,Bangalore,"Binny Mill (F&V), Bangalore",Grapes,White,FAQ,4000,6000,5000,09 Jun 2023
251,Bangalore,"Binny Mill (F&V), Bangalore",Grapes,Black,FAQ,2500,5000,3500,08 Jun 2023
252,Bangalore,"Binny Mill (F&V), Bangalore",Grapes,White,FAQ,4500,6500,5500,08 Jun 2023
253,Bangalore,"Binny Mill (F&V), Bangalore",Grapes,Black,FAQ,2500,5000,3500,07 Jun 2023
254,Bangalore,"Binny Mill (F&V), Bangalore",Grapes,White,FAQ,4000,6000,5000,07 Jun 2023
255,Bangalore,"Binny Mill (F&V), Bangalore",Grapes,Black,FAQ,3000,5000,4000,06 Jun 2023
256,Bangalore,"Binny Mill (F&V), Bangalore",Grapes,White,FAQ,4500,6500,5500,06 Jun 2023
257,Bangalore,"Binny Mill (F&V), Bangalore",Grapes,Black,FAQ,3000,5000,4000,05 Jun 2023
258,Bangalore,"Binny Mill (F&V), Bangalore",Grapes,White,FAQ,4000,6000,5000,05 Jun 2023
259,Bangalore,"Binny Mill (F&V), Bangalore",Grapes,Black,FAQ,3000,5000,4000,03 Jun 2023
260,Bangalore,"Binny Mill (F&V), Bangalore",Grapes,White,FAQ,4500,6500,5500,03 Jun 2023
261,Bangalore,"Binny Mill (F&V), Bangalore",Grapes,Black,FAQ,3000,5000,4000,02 Jun 2023
262,Bangalore,"Binny Mill (F&V), Bangalore",Grapes,White,FAQ,4500,6500,5500,02 Jun 2023
263,Bangalore,"Binny Mill (F&V), Bangalore",Grapes,Black,FAQ,3000,5000,4000,31 May 2023
264,Bangalore,"Binny Mill (F&V), Bangalore",Grapes,White,FAQ,4000,6000,5000,31 May 2023
265,Bangalore,"Binny Mill (F&V), Bangalore",Grapes,Black,FAQ,3000,5000,4000,30 May 2023
266,Bangalore,"Binny Mill (F&V), Bangalore",Grapes,White,FAQ,4500,6500,5500,30 May 2023
267,Bangalore,"Binny Mill (F&V), Bangalore",Grapes,Black,FAQ,3000,5000,4000,29 May 2023
268,Bangalore,"Binny Mill (F&V), Bangalore",Grapes,White,FAQ,4000,6000,5000,29 May 2023
269,Bangalore,"Binny Mill (F&V), Bangalore",Grapes,Black,FAQ,2500,4500,3500,26 May 2023
270,Bangalore,"Binny Mill (F&V), Bangalore",Grapes,White,FAQ,4000,6500,5500,26 May 2023
271,Bangalore,"Binny Mill (F&V), Bangalore",Grapes,Black,FAQ,3000,4500,3800,25 May 2023
272,Bangalore,"Binny Mill (F&V), Bangalore",Grapes,White,FAQ,4000,6000,5000,25 May 2023
273,Bangalore,"Binny Mill (F&V), Bangalore",Grapes,Black,FAQ,3000,4500,3800,24 May 2023
274,Bangalore,"Binny Mill (F&V), Bangalore",Grapes,White,FAQ,4500,6500,5500,24 May 2023
275,Bangalore,"Binny Mill (F&V), Bangalore",Grapes,Black,FAQ,3000,4500,3800,23 May 2023
276,Bangalore,"Binny Mill (F&V), Bangalore",Grapes,White,FAQ,4000,6000,5000,23 May 2023
277,Bangalore,"Binny Mill (F&V), Bangalore",Grapes,Black,FAQ,2500,4500,3500,22 May 2023
278,Bangalore,"Binny Mill (F&V), Bangalore",Grapes,White,FAQ,4000,6000,5000,22 May 2023
279,Bangalore,"Binny Mill (F&V), Bangalore",Grapes,Black,FAQ,3000,4500,3800,20 May 2023
280,Bangalore,"Binny Mill (F&V), Bangalore",Grapes,White,FAQ,4000,6000,5000,20 May 2023
281,Bangalore,"Binny Mill (F&V), Bangalore",Grapes,Black,FAQ,3000,4500,3800,19 May 2023
282,Bangalore,"Binny Mill (F&V), Bangalore",Grapes,White,FAQ,4000,6000,5000,19 May 2023
283,Bangalore,"Binny Mill (F&V), Bangalore",Grapes,Black,FAQ,3000,4500,3800,18 May 2023
284,Bangalore,"Binny Mill (F&V), Bangalore",Grapes,White,FAQ,4500,6500,5500,18 May 2023
285,Bangalore,"Binny Mill (F&V), Bangalore",Grapes,Black,FAQ,3000,4000,3500,17 May 2023
286,Bangalore,"Binny Mill (F&V), Bangalore",Grapes,White,FAQ,4000,6000,5000,17 May 2023
287,Bangalore,"Binny Mill (F&V), Bangalore",Grapes,Black,FAQ,2500,4500,3500,16 May 2023
288,Bangalore,"Binny Mill (F&V), Bangalore",Grapes,White,FAQ,4000,6000,5000,16 May 2023
289,Bangalore,"Binny Mill (F&V), Bangalore",Grapes,Black,FAQ,3000,4500,3800,15 May 2023
290,Bangalore,"Binny Mill (F&V), Bangalore",Grapes,White,FAQ,4000,6000,5000,15 May 2023
291,Bangalore,"Binny Mill (F&V), Bangalore",Grapes,Black,FAQ,3000,5000,4000,12 May 2023
292,Bangalore,"Binny Mill (F&V), Bangalore",Grapes,White,FAQ,4000,6000,5000,12 May 2023
293,Bangalore,"Binny Mill (F&V), Bangalore",Grapes,Black,FAQ,3500,4500,4000,11 May 2023
294,Bangalore,"Binny Mill (F&V), Bangalore",Grapes,White,FAQ,4000,6000,5000,11 May 2023
295,Bangalore,"Binny Mill (F&V), Bangalore",Grapes,Black,FAQ,3500,4500,4000,09 May 2023
296,Bangalore,"Binny Mill (F&V), Bangalore",Grapes,White,FAQ,4000,6000,5000,09 May 2023
297,Bangalore,"Binny Mill (F&V), Bangalore",Grapes,Black,FAQ,3000,4000,3500,08 May 2023
298,Bangalore,"Binny Mill (F&V), Bangalore",Grapes,White,FAQ,4000,6000,5000,08 May 2023
299,Bangalore,"Binny Mill (F&V), Bangalore",Grapes,Black,FAQ,2500,4500,3500,05 May 2023
300,Bangalore,"Binny Mill (F&V), Bangalore",Grapes,White,FAQ,4000,6000,5000,05 May 2023
301,Bangalore,"Binny Mill (F&V), Bangalore",Grapes,Black,FAQ,3000,4500,3800,04 May 2023
302,Bangalore,"Binny Mill (F&V), Bangalore",Grapes,White,FAQ,3500,5500,4500,04 May 2023
303,Bangalore,"Binny Mill (F&V), Bangalore",Grapes,Black,FAQ,8000,10000,9000,03 May 2023
304,Bangalore,"Binny Mill (F&V), Bangalore",Grapes,White,FAQ,4000,6000,5000,03 May 2023
305,Bangalore,"Binny Mill (F&V), Bangalore",Grapes,Black,FAQ,8000,10000,9000,02 May 2023
306,Bangalore,"Binny Mill (F&V), Bangalore",Grapes,White,FAQ,4000,6000,5000,02 May 2023
307,Bangalore,"Binny Mill (F&V), Bangalore",Grapes,Black,FAQ,8000,10000,9000,29 Apr 2023
308,Bangalore,"Binny Mill (F&V), Bangalore",Grapes,White,FAQ,4000,6000,5000,29 Apr 2023
309,Bangalore,"Binny Mill (F&V), Bangalore",Grapes,Black,FAQ,10000,12000,11000,28 Apr 2023
310,Bangalore,"Binny Mill (F&V), Bangalore",Grapes,White,FAQ,4000,6000,5000,28 Apr 2023
311,Bangalore,"Binny Mill (F&V), Bangalore",Grapes,Black,FAQ,8000,10000,9000,27 Apr 2023
312,Bangalore,"Binny Mill (F&V), Bangalore",Grapes,White,FAQ,4000,6000,5000,27 Apr 2023
313,Bangalore,"Binny Mill (F&V), Bangalore",Grapes,Black,FAQ,8000,10000,9000,26 Apr 2023
314,Bangalore,"Binny Mill (F&V), Bangalore",Grapes,White,FAQ,4000,6000,5000,26 Apr 2023
315,Bangalore,"Binny Mill (F&V), Bangalore",Grapes,Black,FAQ,8000,12000,10000,25 Apr 2023
316,Bangalore,"Binny Mill (F&V), Bangalore",Grapes,White,FAQ,3000,5000,4000,25 Apr 2023
317,Bangalore,"Binny Mill (F&V), Bangalore",Grapes,Black,FAQ,8000,12000,10000,24 Apr 2023
318,Bangalore,"Binny Mill (F&V), Bangalore",Grapes,White,FAQ,3500,5500,4500,24 Apr 2023
319,Bangalore,"Binny Mill (F&V), Bangalore",Grapes,Black,FAQ,10000,12000,11000,21 Apr 2023
320,Bangalore,"Binny Mill (F&V), Bangalore",Grapes,White,FAQ,3500,5500,4500,21 Apr 2023
321,Bangalore,"Binny Mill (F&V), Bangalore",Grapes,Black,FAQ,8000,12000,10000,20 Apr 2023
322,Bangalore,"Binny Mill (F&V), Bangalore",Grapes,White,FAQ,3500,5500,4500,20 Apr 2023
323,Bangalore,"Binny Mill (F&V), Bangalore",Grapes,Black,FAQ,10000,12000,11000,19 Apr 2023
324,Bangalore,"Binny Mill (F&V), Bangalore",Grapes,White,FAQ,3000,5000,4000,19 Apr 2023
325,Bangalore,"Binny Mill (F&V), Bangalore",Grapes,Black,Large,8000,10000,9000,18 Apr 2023
326,Bangalore,"Binny Mill (F&V), Bangalore",Grapes,White,FAQ,3000,5000,4000,18 Apr 2023
327,Bangalore,"Binny Mill (F&V), Bangalore",Grapes,Black,Large,8000,10000,9000,17 Apr 2023
328,Bangalore,"Binny Mill (F&V), Bangalore",Grapes,White,FAQ,4000,6000,5000,17 Apr 2023
329,Bangalore,"Binny Mill (F&V), Bangalore",Grapes,Black,FAQ,8000,10000,9000,15 Apr 2023
330,Bangalore,"Binny Mill (F&V), Bangalore",Grapes,White,FAQ,3500,5500,4500,15 Apr 2023
331,Bangalore,"Binny Mill (F&V), Bangalore",Grapes,Black,FAQ,1000,12000,11000,13 Apr 2023
332,Bangalore,"Binny Mill (F&V), Bangalore",Grapes,White,FAQ,3500,5500,4500,13 Apr 2023
333,Bangalore,"Binny Mill (F&V), Bangalore",Grapes,Black,FAQ,8000,10000,9000,12 Apr 2023
334,Bangalore,"Binny Mill (F&V), Bangalore",Grapes,White,FAQ,3500,5500,4500,12 Apr 2023
335,Bangalore,"Binny Mill (F&V), Bangalore",Grapes,Black,FAQ,8000,10000,9000,11 Apr 2023
336,Bangalore,"Binny Mill (F&V), Bangalore",Grapes,White,FAQ,3000,5000,4000,11 Apr 2023
337,Bangalore,"Binny Mill (F&V), Bangalore",Grapes,Black,FAQ,8000,10000,9000,10 Apr 2023
338,Bangalore,"Binny Mill (F&V), Bangalore",Grapes,White,FAQ,4000,6000,5000,10 Apr 2023
339,Bangalore,"Binny Mill (F&V), Bangalore",Grapes,Black,FAQ,8000,10000,9000,06 Apr 2023
340,Bangalore,"Binny Mill (F&V), Bangalore",Grapes,White,FAQ,4000,5000,4500,06 Apr 2023
341,Bangalore,"Binny Mill (F&V), Bangalore",Grapes,Black,FAQ,8000,10000,9000,05 Apr 2023
342,Bangalore,"Binny Mill (F&V), Bangalore",Grapes,White,FAQ,4000,60005,5000,05 Apr 2023
343,Bangalore,"Binny Mill (F&V), Bangalore",Grapes,Black,FAQ,8000,10000,9000,03 Apr 2023
344,Bangalore,"Binny Mill (F&V), Bangalore",Grapes,White,FAQ,3500,5500,4500,03 Apr 2023
345,Bangalore,"Binny Mill (F&V), Bangalore",Grapes,Black,FAQ,10000,12000,11000,01 Apr 2023
346,Bangalore,"Binny Mill (F&V), Bangalore",Grapes,White,FAQ,4000,6000,5000,01 Apr 2023
347,Bangalore,"Binny Mill (F&V), Bangalore",Grapes,Black,FAQ,8000,10000,9000,31 Mar 2023
348,Bangalore,"Binny Mill (F&V), Bangalore",Grapes,White,FAQ,3500,5500,4500,31 Mar 2023
349,Bangalore,"Binny Mill (F&V), Bangalore",Grapes,Black,FAQ,8000,10000,9000,30 Mar 2023
350,Bangalore,"Binny Mill (F&V), Bangalore",Grapes,White,FAQ,3500,5500,4500,30 Mar 2023
351,Bangalore,"Binny Mill (F&V), Bangalore",Grapes,Black,FAQ,8000,12000,10000,29 Mar 2023
352,Bangalore,"Binny Mill (F&V), Bangalore",Grapes,White,FAQ,4500,6500,5500,29 Mar 2023
353,Davangere,Davangere,Grapes,Other,FAQ,3000,3500,3200,03 May 2023
354,Davangere,Davangere,Grapes,Other,FAQ,3000,3500,3200,28 Apr 2023
355,Davangere,Davangere,Grapes,Other,FAQ,3000,4000,3500,25 Apr 2023
356,Davangere,Davangere,Grapes,Other,FAQ,3000,3500,3200,19 Apr 2023
357,Davangere,Davangere,Grapes,Other,FAQ,4000,4500,4200,12 Apr 2023
358,Davangere,Davangere,Grapes,Other,FAQ,2000,3000,2500,01 Apr 2023
359,Davangere,Davangere,Grapes,Other,FAQ,3000,3500,3200,31 Mar 2023
360,Kalburgi,Kalburgi,Grapes,Black,FAQ,1800,2800,2300,31 May 2023
361,Kalburgi,Kalburgi,Grapes,Green,FAQ,1600,3000,2300,24 May 2023
362,Kalburgi,Kalburgi,Grapes,Green,FAQ,1200,1800,1480,05 May 2023
363,Kalburgi,Kalburgi,Grapes,Green,FAQ,1000,1500,1200,04 May 2023
364,Kalburgi,Kalburgi,Grapes,Green,FAQ,1600,4000,2800,03 May 2023
365,Kalburgi,Kalburgi,Grapes,Green,FAQ,900,1400,1100,02 May 2023
366,Kalburgi,Kalburgi,Grapes,Green,FAQ,1500,3000,2000,29 Apr 2023
367,Kalburgi,Kalburgi,Grapes,Green,FAQ,1250,2800,1850,28 Apr 2023
368,Kalburgi,Kalburgi,Grapes,Green,FAQ,1000,2000,1520,27 Apr 2023
369,Kalburgi,Kalburgi,Grapes,Green,FAQ,1400,1900,1750,24 Apr 2023
370,Kalburgi,Kalburgi,Grapes,Green,FAQ,1600,4000,2500,21 Apr 2023
371,Kalburgi,Kalburgi,Grapes,Green,FAQ,2000,3500,2500,18 Apr 2023
372,Kalburgi,Kalburgi,Grapes,Green,FAQ,2000,3500,2500,17 Apr 2023
373,Kalburgi,Kalburgi,Grapes,Green,FAQ,1500,2500,1900,15 Apr 2023
374,Kalburgi,Kalburgi,Grapes,Green,FAQ,1600,3600,2600,13 Apr 2023
375,Kalburgi,Kalburgi,Grapes,Green,FAQ,1600,4000,2800,12 Apr 2023
376,Kalburgi,Kalburgi,Grapes,Green,FAQ,2500,3500,2900,11 Apr 2023
377,Kalburgi,Kalburgi,Grapes,Green,FAQ,2000,3000,2500,10 Apr 2023
378,Kalburgi,Kalburgi,Grapes,Green,FAQ,1000,2500,1500,08 Apr 2023
379,Kalburgi,Kalburgi,Grapes,Green,FAQ,1600,4000,2500,05 Apr 2023
380,Kalburgi,Kalburgi,Grapes,Green,FAQ,2000,4000,3000,03 Apr 2023
381,Kalburgi,Kalburgi,Grapes,Green,FAQ,3000,5000,4000,01 Apr 2023
382,Kalburgi,Kalburgi,Grapes,Green,FAQ,3000,4000,3500,31 Mar 2023
383,Kalburgi,Kalburgi,Grapes,Green,FAQ,4000,5500,4500,29 Mar 2023
384,Kolar,Malur,Grapes,Black,FAQ,2400,2800,2519,27 Nov 2023
385,Kolar,Malur,Grapes,Black,FAQ,2800,3300,3044,10 Nov 2023
386,Kolar,Malur,Grapes,Black,FAQ,280,3200,3030,03 Nov 2023
387,Kolar,Malur,Grapes,Black,FAQ,2800,3300,3017,19 Oct 2023
388,Kolar,Malur,Grapes,Black,FAQ,2800,3500,3022,10 Oct 2023
389,Kolar,Malur,Grapes,Black,FAQ,2800,3500,3015,26 Sep 2023
390,Kolar,Malur,Grapes,Black,FAQ,2800,3500,3022,12 Sep 2023
391,Kolar,Malur,Grapes,Black,FAQ,3800,4300,4002,28 Aug 2023
392,Kolar,Malur,Grapes,Black,FAQ,2500,2900,2721,07 Aug 2023
393,Kolar,Malur,Grapes,Black,FAQ,2800,3500,3042,25 Jul 2023
394,Kolar,Malur,Grapes,Black,FAQ,2800,3500,3006,18 Jul 2023
395,Kolar,Malur,Grapes,Black,FAQ,2800,3200,3021,06 Jul 2023
396,Kolar,Malur,Grapes,Black,FAQ,3500,4500,4065,27 Jun 2023
397,Kolar,Malur,Grapes,Black,FAQ,2800,3200,3020,17 Jun 2023
398,Kolar,Malur,Grapes,Black,FAQ,2000,2800,2508,08 Jun 2023
399,Kolar,Malur,Grapes,Black,FAQ,2000,2800,2508,31 May 2023
400,Kolar,Malur,Grapes,Black,FAQ,3200,3600,3514,22 May 2023
401,Kolar,Malur,Grapes,Black,FAQ,1800,2200,2009,04 May 2023
402,Kolar,Malur,Grapes,Black,FAQ,1800,2200,1998,25 Apr 2023
403,Kolar,Malur,Grapes,Black,FAQ,1800,2200,2013,11 Apr 2023
404,Kolar,Malur,Grapes,Black,FAQ,1800,2200,2007,05 Apr 2023
405,Mysore,Mysore (Bandipalya),Grapes,Black,FAQ,3553,4000,3800,20 Nov 2023
406,Mysore,Mysore (Bandipalya),Grapes,Green,FAQ,4000,4000,4000,20 Nov 2023
407,Mysore,Mysore (Bandipalya),Grapes,Black,FAQ,4054,4054,4054,17 Nov 2023
408,Mysore,Mysore (Bandipalya),Grapes,Black,FAQ,3818,4200,4100,16 Nov 2023
409,Mysore,Mysore (Bandipalya),Grapes,Black,FAQ,3800,3800,3800,15 Sep 2023
410,Mysore,Mysore (Bandipalya),Grapes,Black,FAQ,4000,4000,4000,14 Sep 2023
411,Mysore,Mysore (Bandipalya),Grapes,Black,FAQ,4000,4000,4000,13 Sep 2023
412,Mysore,Mysore (Bandipalya),Grapes,Black,FAQ,4054,4054,4054,11 Sep 2023
413,Mysore,Mysore (Bandipalya),Grapes,Black,FAQ,4000,4000,4000,04 Sep 2023
414,Mysore,Mysore (Bandipalya),Grapes,Black,FAQ,3300,4600,3300,02 Sep 2023
415,Mysore,Mysore (Bandipalya),Grapes,Black,FAQ,3800,3800,3800,01 Sep 2023
416,Mysore,Mysore (Bandipalya),Grapes,Black,FAQ,3000,3500,3000,31 Aug 2023
417,Mysore,Mysore (Bandipalya),Grapes,Green,FAQ,4000,5060,4000,28 Aug 2023
418,Mysore,Mysore (Bandipalya),Grapes,Green,FAQ,5230,5230,5230,21 Aug 2023
419,Mysore,Mysore (Bandipalya),Grapes,Black,FAQ,4210,4210,4210,17 Aug 2023
420,Mysore,Mysore (Bandipalya),Grapes,Green,FAQ,5060,5060,5060,03 Aug 2023
421,Mysore,Mysore (Bandipalya),Grapes,Green,FAQ,5052,5052,5052,02 Aug 2023
422,Mysore,Mysore (Bandipalya),Grapes,Green,FAQ,5000,5000,5000,01 Aug 2023
423,Mysore,Mysore (Bandipalya),Grapes,Green,FAQ,5060,5060,5060,31 Jul 2023
424,Mysore,Mysore (Bandipalya),Grapes,Green,FAQ,5000,5000,5000,28 Jul 2023
425,Mysore,Mysore (Bandipalya),Grapes,Green,FAQ,5060,5060,5060,26 Jul 2023
426,Mysore,Mysore (Bandipalya),Grapes,Green,FAQ,6950,6950,6950,25 Jul 2023
427,Mysore,Mysore (Bandipalya),Grapes,Green,FAQ,4000,6000,5000,20 Jul 2023
428,Mysore,Mysore (Bandipalya),Grapes,Green,FAQ,4000,6000,5000,18 Jul 2023
429,Mysore,Mysore (Bandipalya),Grapes,Green,FAQ,4000,6000,5000,17 Jul 2023
430,Mysore,Mysore (Bandipalya),Grapes,Green,FAQ,4000,6000,5000,14 Jul 2023
431,Mysore,Mysore (Bandipalya),Grapes,Green,FAQ,4000,6000,5500,12 Jul 2023
432,Mysore,Mysore (Bandipalya),Grapes,Green,FAQ,3000,5000,4000,10 Jul 2023
433,Mysore,Mysore (Bandipalya),Grapes,Green,FAQ,3500,5000,4000,04 Jul 2023
434,Mysore,Mysore (Bandipalya),Grapes,Green,FAQ,3500,5000,4200,01 Jul 2023
435,Mysore,Mysore (Bandipalya),Grapes,Green,FAQ,3500,5000,4000,30 Jun 2023
436,Mysore,Mysore (Bandipalya),Grapes,Green,FAQ,3500,5000,4000,28 Jun 2023
437,Mysore,Mysore (Bandipalya),Grapes,Green,FAQ,3500,5000,4200,27 Jun 2023
438,Mysore,Mysore (Bandipalya),Grapes,Green,FAQ,3500,5000,4000,26 Jun 2023
439,Mysore,Mysore (Bandipalya),Grapes,Green,FAQ,4000,4100,4000,23 Jun 2023
440,Mysore,Mysore (Bandipalya),Grapes,Black,FAQ,4200,4200,4200,22 Jun 2023
441,Mysore,Mysore (Bandipalya),Grapes,Green,FAQ,4000,4050,4050,21 Jun 2023
442,Mysore,Mysore (Bandipalya),Grapes,Green,FAQ,4100,4100,4100,19 Jun 2023
443,Mysore,Mysore (Bandipalya),Grapes,Green,FAQ,5230,5230,5230,17 Jun 2023
444,Mysore,Mysore (Bandipalya),Grapes,Green,FAQ,4117,4117,4117,16 Jun 2023
445,Mysore,Mysore (Bandipalya),Grapes,Green,FAQ,4100,4100,4100,15 Jun 2023
446,Mysore,Mysore (Bandipalya),Grapes,Green,FAQ,4687,4687,4687,14 Jun 2023
447,Mysore,Mysore (Bandipalya),Grapes,Green,FAQ,4000,4000,4000,09 Jun 2023
448,Mysore,Mysore (Bandipalya),Grapes,Green,FAQ,4000,4000,4000,08 Jun 2023
449,Mysore,Mysore (Bandipalya),Grapes,Green,FAQ,4100,4300,4100,07 Jun 2023
450,Mysore,Mysore (Bandipalya),Grapes,Green,FAQ,3500,5000,4000,06 Jun 2023
451,Mysore,Mysore (Bandipalya),Grapes,Green,FAQ,3500,5000,4500,04 Jun 2023
452,Mysore,Mysore (Bandipalya),Grapes,Green,FAQ,4000,4200,4100,03 Jun 2023
453,Mysore,Mysore (Bandipalya),Grapes,Green,FAQ,4200,4200,4200,02 Jun 2023
454,Mysore,Mysore (Bandipalya),Grapes,Green,FAQ,4000,4857,4500,25 May 2023
455,Mysore,Mysore (Bandipalya),Grapes,Green,FAQ,3500,4250,3800,24 May 2023
456,Mysore,Mysore (Bandipalya),Grapes,Green,FAQ,3500,3500,3500,23 May 2023
457,Mysore,Mysore (Bandipalya),Grapes,Green,FAQ,3508,4000,3600,22 May 2023
458,Mysore,Mysore (Bandipalya),Grapes,Green,FAQ,3500,3500,3500,18 May 2023
459,Mysore,Mysore (Bandipalya),Grapes,Green,FAQ,4166,4166,4166,17 May 2023
460,Mysore,Mysore (Bandipalya),Grapes,Green,FAQ,3750,3750,3750,16 May 2023
461,Mysore,Mysore (Bandipalya),Grapes,Green,FAQ,3466,3500,3480,15 May 2023
462,Mysore,Mysore (Bandipalya),Grapes,Green,FAQ,3714,3714,3714,12 May 2023
463,Mysore,Mysore (Bandipalya),Grapes,Green,FAQ,3200,4160,3500,11 May 2023
464,Mysore,Mysore (Bandipalya),Grapes,Green,FAQ,3000,3000,3000,08 May 2023
465,Mysore,Mysore (Bandipalya),Grapes,Green,FAQ,3500,3571,3541,06 May 2023
466,Mysore,Mysore (Bandipalya),Grapes,Green,FAQ,3578,4687,4085,05 May 2023
467,Mysore,Mysore (Bandipalya),Grapes,Green,FAQ,2800,3500,3300,03 May 2023
468,Mysore,Mysore (Bandipalya),Grapes,Green,FAQ,2800,3500,3100,28 Apr 2023
469,Mysore,Mysore (Bandipalya),Grapes,Green,FAQ,2800,3500,3300,27 Apr 2023
470,Mysore,Mysore (Bandipalya),Grapes,Green,FAQ,2800,3500,3100,26 Apr 2023
471,Mysore,Mysore (Bandipalya),Grapes,Green,FAQ,2800,3500,3200,25 Apr 2023
472,Mysore,Mysore (Bandipalya),Grapes,Green,FAQ,2800,3500,3000,24 Apr 2023
473,Mysore,Mysore (Bandipalya),Grapes,Green,FAQ,2800,3500,3100,21 Apr 2023
474,Mysore,Mysore (Bandipalya),Grapes,Green,FAQ,2800,3500,3100,20 Apr 2023
475,Mysore,Mysore (Bandipalya),Grapes,Green,FAQ,2800,3500,3100,18 Apr 2023
476,Mysore,Mysore (Bandipalya),Grapes,Green,FAQ,2800,3500,3200,17 Apr 2023
477,Mysore,Mysore (Bandipalya),Grapes,Black,FAQ,1500,2000,1800,15 Apr 2023
478,Mysore,Mysore (Bandipalya),Grapes,Green,FAQ,2500,3500,3100,15 Apr 2023
479,Mysore,Mysore (Bandipalya),Grapes,Black,FAQ,1600,2000,1800,13 Apr 2023
480,Mysore,Mysore (Bandipalya),Grapes,Green,FAQ,2500,3500,3100,13 Apr 2023
481,Mysore,Mysore (Bandipalya),Grapes,Green,FAQ,3000,3500,3500,11 Apr 2023
482,Mysore,Mysore (Bandipalya),Grapes,Black,FAQ,1200,2000,1800,10 Apr 2023
483,Mysore,Mysore (Bandipalya),Grapes,Green,FAQ,2500,3500,3000,10 Apr 2023
484,Mysore,Mysore (Bandipalya),Grapes,Green,FAQ,2500,4000,3500,08 Apr 2023
485,Mysore,Mysore (Bandipalya),Grapes,Black,FAQ,2000,2000,2000,07 Apr 2023
486,Mysore,Mysore (Bandipalya),Grapes,Green,FAQ,2000,3000,3000,07 Apr 2023
487,Mysore,Mysore (Bandipalya),Grapes,Black,FAQ,2000,2000,2000,06 Apr 2023
488,Mysore,Mysore (Bandipalya),Grapes,Green,FAQ,2500,3500,3500,06 Apr 2023
489,Mysore,Mysore (Bandipalya),Grapes,Black,FAQ,2000,2500,2500,05 Apr 2023
490,Mysore,Mysore (Bandipalya),Grapes,Green,FAQ,3000,3000,3000,05 Apr 2023
491,Mysore,Mysore (Bandipalya),Grapes,Green,FAQ,2500,3600,3000,04 Apr 2023
492,Mysore,Mysore (Bandipalya),Grapes,Black,FAQ,1600,2000,1800,03 Apr 2023
493,Mysore,Mysore (Bandipalya),Grapes,Green,FAQ,2500,3500,3000,03 Apr 2023
494,Mysore,Mysore (Bandipalya),Grapes,Green,FAQ,2800,3300,3000,01 Apr 2023
495,Mysore,Mysore (Bandipalya),Grapes,Green,FAQ,3260,3260,3260,31 Mar 2023
496,Udupi,Udupi,Grapes,Green,FAQ,6500,7000,6800,30 Aug 2023
497,Udupi,Udupi,Grapes,Green,FAQ,6900,7000,7000,12 Jul 2023
498,Udupi,Udupi,Grapes,Green,FAQ,6900,7000,7000,10 Jul 2023
499,Udupi,Udupi,Grapes,Green,FAQ,6900,7000,7000,26 Jun 2023
500,Udupi,Udupi,Grapes,Green,FAQ,5500,6000,5800,17 Jun 2023
501,Udupi,Udupi,Grapes,Green,FAQ,5500,6000,5800,16 Jun 2023
502,Udupi,Udupi,Grapes,Green,FAQ,5500,6000,5800,15 Jun 2023
503,Udupi,Udupi,Grapes,Green,FAQ,5500,6000,5800,14 Jun 2023
504,Udupi,Udupi,Grapes,Green,FAQ,6000,7000,6500,12 Jun 2023
505,Udupi,Udupi,Grapes,Green,FAQ,6000,7000,6500,07 Jun 2023
506,Udupi,Udupi,Grapes,Green,FAQ,6000,6500,6200,31 May 2023
507,Udupi,Udupi,Grapes,Green,FAQ,6000,7000,6500,26 May 2023
508,Udupi,Udupi,Grapes,Green,FAQ,6000,7000,6500,25 May 2023
509,Udupi,Udupi,Grapes,Green,FAQ,6000,7000,6500,24 May 2023
510,Udupi,Udupi,Grapes,Green,FAQ,4900,5000,5000,20 May 2023
511,Udupi,Udupi,Grapes,Green,FAQ,4900,5000,5000,19 May 2023
512,Udupi,Udupi,Grapes,Green,FAQ,4900,5000,5000,18 May 2023
513,Udupi,Udupi,Grapes,Green,FAQ,4900,5000,5000,17 May 2023
514,Udupi,Udupi,Grapes,Green,FAQ,4400,4500,4500,16 May 2023
515,Udupi,Udupi,Grapes,Green,FAQ,4400,4500,4500,15 May 2023
516,Udupi,Udupi,Grapes,Green,FAQ,4400,4500,4500,08 May 2023
517,Udupi,Udupi,Grapes,Green,FAQ,4400,4500,4500,04 May 2023
518,Udupi,Udupi,Grapes,Green,FAQ,4400,4500,4500,03 May 2023
519,Udupi,Udupi,Grapes,Green,FAQ,4400,4500,4500,26 Apr 2023
520,Udupi,Udupi,Grapes,Green,FAQ,3500,4000,3800,24 Apr 2023
521,Udupi,Udupi,Grapes,Green,FAQ,3500,4000,3800,21 Apr 2023
522,Udupi,Udupi,Grapes,Green,FAQ,3500,4000,3800,20 Apr 2023
523,Udupi,Udupi,Grapes,Green,FAQ,3500,4000,3800,19 Apr 2023
524,Udupi,Udupi,Grapes,Green,FAQ,4500,6500,5500,18 Apr 2023
525,Udupi,Udupi,Grapes,Green,FAQ,4500,6500,5500,15 Apr 2023
526,Udupi,Udupi,Grapes,Green,FAQ,4500,6500,5500,12 Apr 2023
527,Udupi,Udupi,Grapes,Green,FAQ,4000,7000,5000,05 Apr 2023
528,Udupi,Udupi,Grapes,Green,FAQ,4000,7000,6000,03 Apr 2023
529,Udupi,Udupi,Grapes,Green,FAQ,4000,7000,6000,01 Apr 2023
530,Udupi,Udupi,Grapes,Green,FAQ,4000,7000,6000,29 Mar 2023
